{
  "model": "GradientBoostingClassifier + CalibratedClassifierCV (isotonic)",
  "best_params": {
    "learning_rate": 0.05,
    "max_depth": 3,
    "min_samples_leaf": 10,
    "n_estimators": 100,
    "subsample": 0.8
  },
  "nested_cv": {
    "outer_folds": 5,
    "inner_folds": 3,
    "per_fold": [
      {
        "fold": 1,
        "best_params": {
          "learning_rate": 0.05,
          "max_depth": 3,
          "min_samples_leaf": 10,
          "n_estimators": 100,
          "subsample": 0.8
        },
        "best_thresh": 0.5500000000000003,
        "auc_roc": 0.7776902427637722,
        "auc_pr": 0.9316802874929334,
        "f1": 0.8900900900900901,
        "precision": 0.8151815181518152,
        "recall": 0.9801587301587301,
        "balanced_accuracy": 0.5783146591970121,
        "mcc": 0.28568142916375755,
        "brier_score": 0.14279813835535035
      },
      {
        "fold": 2,
        "best_params": {
          "learning_rate": 0.05,
          "max_depth": 3,
          "min_samples_leaf": 10,
          "n_estimators": 100,
          "subsample": 0.8
        },
        "best_thresh": 0.2800000000000001,
        "auc_roc": 0.7184582166199813,
        "auc_pr": 0.8987519219383224,
        "f1": 0.8873239436619719,
        "precision": 0.7974683544303798,
        "recall": 1.0,
        "balanced_accuracy": 0.5294117647058824,
        "mcc": 0.21658694143873736,
        "brier_score": 0.14671015312240032
      },
      {
        "fold": 3,
        "best_params": {
          "learning_rate": 0.05,
          "max_depth": 3,
          "min_samples_leaf": 10,
          "n_estimators": 100,
          "subsample": 0.8
        },
        "best_thresh": 0.36000000000000015,
        "auc_roc": 0.7116596638655462,
        "auc_pr": 0.885236879290151,
        "f1": 0.8868940754039497,
        "precision": 0.8098360655737705,
        "recall": 0.9801587301587301,
        "balanced_accuracy": 0.563608776844071,
        "mcc": 0.2462103001934406,
        "brier_score": 0.1522113657228862
      },
      {
        "fold": 4,
        "best_params": {
          "learning_rate": 0.05,
          "max_depth": 3,
          "min_samples_leaf": 10,
          "n_estimators": 100,
          "subsample": 0.8
        },
        "best_thresh": 0.26000000000000006,
        "auc_roc": 0.6885795985060692,
        "auc_pr": 0.8881933562593434,
        "f1": 0.8853615520282186,
        "precision": 0.7968253968253968,
        "recall": 0.996031746031746,
        "balanced_accuracy": 0.5274276377217554,
        "mcc": 0.18093927582075633,
        "brier_score": 0.1564598278904387
      },
      {
        "fold": 5,
        "best_params": {
          "learning_rate": 0.05,
          "max_depth": 3,
          "min_samples_leaf": 10,
          "n_estimators": 100,
          "subsample": 0.8
        },
        "best_thresh": 0.6500000000000004,
        "auc_roc": 0.7757352941176471,
        "auc_pr": 0.9166390848655184,
        "f1": 0.898876404494382,
        "precision": 0.851063829787234,
        "recall": 0.9523809523809523,
        "balanced_accuracy": 0.6673669467787114,
        "mcc": 0.4232900534383103,
        "brier_score": 0.13622830104066486
      }
    ],
    "summary": {
      "auc_roc": {
        "mean": 0.734425,
        "std": 0.035926,
        "min": 0.68858,
        "max": 0.77769,
        "per_fold": [
          0.7776902427637722,
          0.7184582166199813,
          0.7116596638655462,
          0.6885795985060692,
          0.7757352941176471
        ]
      },
      "auc_pr": {
        "mean": 0.9041,
        "std": 0.017637,
        "min": 0.885237,
        "max": 0.93168,
        "per_fold": [
          0.9316802874929334,
          0.8987519219383224,
          0.885236879290151,
          0.8881933562593434,
          0.9166390848655184
        ]
      },
      "f1": {
        "mean": 0.889709,
        "std": 0.004831,
        "min": 0.885362,
        "max": 0.898876,
        "per_fold": [
          0.8900900900900901,
          0.8873239436619719,
          0.8868940754039497,
          0.8853615520282186,
          0.898876404494382
        ]
      },
      "precision": {
        "mean": 0.814075,
        "std": 0.019803,
        "min": 0.796825,
        "max": 0.851064,
        "per_fold": [
          0.8151815181518152,
          0.7974683544303798,
          0.8098360655737705,
          0.7968253968253968,
          0.851063829787234
        ]
      },
      "recall": {
        "mean": 0.981746,
        "std": 0.016761,
        "min": 0.952381,
        "max": 1.0,
        "per_fold": [
          0.9801587301587301,
          1.0,
          0.9801587301587301,
          0.996031746031746,
          0.9523809523809523
        ]
      },
      "balanced_accuracy": {
        "mean": 0.573226,
        "std": 0.050986,
        "min": 0.527428,
        "max": 0.667367,
        "per_fold": [
          0.5783146591970121,
          0.5294117647058824,
          0.563608776844071,
          0.5274276377217554,
          0.6673669467787114
        ]
      },
      "mcc": {
        "mean": 0.270542,
        "std": 0.083777,
        "min": 0.180939,
        "max": 0.42329,
        "per_fold": [
          0.28568142916375755,
          0.21658694143873736,
          0.2462103001934406,
          0.18093927582075633,
          0.4232900534383103
        ]
      },
      "brier_score": {
        "mean": 0.146882,
        "std": 0.007076,
        "min": 0.136228,
        "max": 0.15646,
        "per_fold": [
          0.14279813835535035,
          0.14671015312240032,
          0.1522113657228862,
          0.1564598278904387,
          0.13622830104066486
        ]
      },
      "best_thresh": {
        "mean": 0.42,
        "std": 0.154013,
        "min": 0.26,
        "max": 0.65,
        "per_fold": [
          0.5500000000000003,
          0.2800000000000001,
          0.36000000000000015,
          0.26000000000000006,
          0.6500000000000004
        ]
      }
    }
  },
  "test_set": {
    "n_samples": 400,
    "threshold": 0.42,
    "auc_roc": 0.7255,
    "auc_pr": 0.9039,
    "f1": 0.8892,
    "precision": 0.8046,
    "recall": 0.9937,
    "specificity": 0.1059,
    "npv": 0.8182,
    "balanced_accuracy": 0.5498,
    "mcc": 0.249,
    "brier_score": 0.1471,
    "accuracy": 0.805,
    "calibration_gap": 0.0724,
    "confusion_matrix": {
      "tn": 9,
      "fp": 76,
      "fn": 2,
      "tp": 313
    }
  },
  "baselines": {
    "Majority Class (Dummy)": {
      "auc_roc_mean": 0.5,
      "auc_roc_std": 0.0,
      "auc_pr_mean": 0.7875,
      "f1_mean": 0.8811188811188811,
      "bal_acc_mean": 0.5
    },
    "Logistic Regression": {
      "auc_roc_mean": 0.7763888888888889,
      "auc_roc_std": 0.0287184201350511,
      "auc_pr_mean": 0.9245127121776985,
      "f1_mean": 0.7743601646564688,
      "bal_acc_mean": 0.697829131652661
    }
  },
  "dataset": {
    "n_total": 2000,
    "n_train": 1600,
    "n_test": 400,
    "injury_rate": 0.7875,
    "imbalance_ratio": 3.7059,
    "source": "Synthetic \u2014 generated from published feature distributions",
    "references": [
      
    ]
  }
}